{"payload":{"code":null,"context":null,"env_details":null,"fileName":"Jupyter interactive","git_meta":null,"gpu_static_info":null,"graph":null,"html":null,"htmlOverride":null,"installed_packages":null,"local_timestamp":1576200525999,"log_dependency":null,"log_other":null,"log_system_info":null,"metric":null,"os_packages":null,"param":null,"params":null,"stderr":null,"stdout":null},"type":"ws_msg"}
{"payload":{"code":null,"context":null,"env_details":null,"fileName":null,"git_meta":{"branch":"refs/heads/master","origin":"https://github.com/murnanedaniel/GNN-Sandbox.git","parent":"8f0af40b33a3d49b806a8f597704926214f24f4c","repo_name":"GNN-Sandbox","root":"f33a27ac7bdc3fed542228a95614822d8847c679","status":null,"user":null},"gpu_static_info":null,"graph":null,"html":null,"htmlOverride":null,"installed_packages":null,"local_timestamp":1576200526044,"log_dependency":null,"log_other":null,"log_system_info":null,"metric":null,"os_packages":null,"param":null,"params":null,"stderr":null,"stdout":null},"type":"ws_msg"}
{"payload":{"additional_params":null,"clean":true,"file_path":"tmp0vh33ig2..zip","local_timestamp":1576200526361,"upload_type":"git-patch"},"type":"file_upload"}
{"payload":{"code":null,"context":null,"env_details":null,"fileName":null,"git_meta":null,"gpu_static_info":null,"graph":null,"html":null,"htmlOverride":null,"installed_packages":["absl-py==0.8.1","argh==0.26.2","attrs==19.1.0","backcall==0.1.0","bleach==3.1.0","certifi==2019.6.16","cffi==1.12.3","chardet==3.0.4","click==7.0","comet-git-pure==0.19.14","comet-ml==3.0.1","configobj==5.0.6","configparser==4.0.2","cycler==0.10.0","decorator==4.4.0","defusedxml==0.5.0","docker-pycreds==0.4.0","entrypoints==0.3","everett==1.0.2","gitdb2==2.0.6","gitpython==3.0.5","gql==0.1.0","graphql-core==2.2.1","grpcio==1.24.3","h5py==2.9.0","idna==2.8","ipykernel==5.1.1","ipympl==0.2.1","ipython-genutils==0.2.0","ipython==7.7.0","ipywidgets==7.5.1","isodate==0.6.0","jedi==0.13.3","jinja2==2.10.1","joblib==0.13.2","jsonschema==3.0.2","jupyter-client==5.3.1","jupyter-console==6.0.0","jupyter-contrib-core==0.3.3","jupyter-contrib-nbextensions==0.5.1","jupyter-core==4.5.0","jupyter-highlight-selected-word==0.2.0","jupyter-latex-envs==1.4.6","jupyter-nbextensions-configurator==0.4.1","jupyter==1.0.0","kaggle==1.5.6","kiwisolver==1.1.0","llvmlite==0.30.0","lxml==4.4.1","markdown==3.1.1","markupsafe==1.1.1","matplotlib==3.1.0","mistune==0.8.4","mkl-fft==1.0.12","mkl-random==1.0.2","mkl-service==2.0.2","mpmath==1.1.0","nbconvert==5.6.0","nbformat==4.4.0","netifaces==0.10.9","networkx==2.3","nose==1.3.7","notebook==6.0.0","numba==0.46.0","numpy==1.16.4","nvidia-ml-py3==7.352.0","olefile==0.46","pandas==0.25.0","pandocfilters==1.4.2","parso==0.5.0","pathtools==0.1.2","pexpect==4.7.0","pickleshare==0.7.5","pillow==6.1.0","pip==19.1.1","plyfile==0.7","pprofile==2.0.2","prometheus-client==0.7.1","promise==2.2.1","prompt-toolkit==2.0.9","protobuf==3.10.0","ptyprocess==0.6.0","py-heat-magic==0.0.2","py-heat==0.0.6","pycparser==2.19","pygments==2.4.2","pyparsing==2.4.0","pyrsistent==0.15.4","python-dateutil==2.8.0","python-slugify==3.0.6","pytz==2019.1","pyyaml==5.1.1","pyzmq==18.0.0","qtconsole==4.6.0","rdflib==4.2.2","requests==2.22.0","rx==1.6.1","scikit-learn==0.21.2","scipy==1.3.0","seaborn==0.9.0","send2trash==1.5.0","sentry-sdk==0.13.5","setuptools==41.0.1","shortuuid==0.5.0","six==1.12.0","smmap2==2.0.5","subprocess32==3.5.4","sympy==1.4","tensorboard==2.0.0","terminado==0.8.2","testpath==0.4.2","text-unidecode==1.3","torch-cluster==1.4.4","torch-geometric==1.3.0","torch-scatter==1.3.1","torch-sparse==0.4.0","torch==1.2.0a0+8554416","torchvision==0.3.0","tornado==6.0.3","trackml==3","traitlets==4.3.2","typing==3.6.4","urllib3==1.25.7","wandb==0.8.18","watchdog==0.9.0","wcwidth==0.1.7","webencodings==0.5.1","websocket-client==0.56.0","werkzeug==0.16.0","wheel==0.33.4","widgetsnbextension==3.5.1","wurlitzer==2.0.0","yapf==0.28.0"],"local_timestamp":1576200526361,"log_dependency":null,"log_other":null,"log_system_info":null,"metric":null,"os_packages":null,"param":null,"params":null,"stderr":null,"stdout":null},"type":"ws_msg"}
{"payload":{"code":null,"context":null,"env_details":{"command":["/usr/common/software/pytorch/v1.2.0-gpu/lib/python3.6/site-packages/ipykernel_launcher.py","-f","/global/u2/d/danieltm/.local/share/jupyter/runtime/kernel-1d883059-dcd1-406b-b823-7474cf3b86de.json"],"hostname":"cgpu02","ip":"128.55.144.45","network_interfaces_ips":["127.0.0.1","192.168.174.4","10.101.105.102","128.55.150.45","10.100.105.102","128.55.144.45"],"os":"Linux-4.12.14-lp150.12.79-default-x86_64-with-glibc2.9","os_type":"Linux","pid":17771,"python_exe":"/usr/common/software/pytorch/v1.2.0-gpu/bin/python","python_version":"3.6.9","python_version_verbose":"3.6.9 |Anaconda, Inc.| (default, Jul 30 2019, 19:07:31) \n[GCC 7.3.0]","user":"danieltm"},"fileName":null,"git_meta":null,"gpu_static_info":null,"graph":null,"html":null,"htmlOverride":null,"installed_packages":null,"local_timestamp":1576200526362,"log_dependency":null,"log_other":null,"log_system_info":null,"metric":null,"os_packages":null,"param":null,"params":null,"stderr":null,"stdout":null},"type":"ws_msg"}
{"payload":{"code":null,"context":null,"env_details":null,"fileName":null,"git_meta":null,"gpu_static_info":[{"gpu_index":0,"name":"Tesla V100-SXM2-16GB","power_limit":300000,"total_memory":16945512448,"uuid":"GPU-e23b8ff6-9286-063f-c583-238f2d2297e7"}],"graph":null,"html":null,"htmlOverride":null,"installed_packages":null,"local_timestamp":1576200526508,"log_dependency":null,"log_other":null,"log_system_info":null,"metric":null,"os_packages":null,"param":null,"params":null,"stderr":null,"stdout":null},"type":"ws_msg"}
{"payload":{"code":null,"context":null,"env_details":null,"fileName":null,"git_meta":null,"gpu_static_info":null,"graph":null,"html":null,"htmlOverride":null,"installed_packages":null,"local_timestamp":1576200526508,"log_dependency":null,"log_other":null,"log_system_info":null,"metric":{"epoch":null,"metricName":"sys.gpu.0.total_memory","metricValue":16945512448,"step":null},"os_packages":null,"param":null,"params":null,"stderr":null,"stdout":null},"type":"ws_msg"}
{"payload":{"code":null,"context":null,"env_details":null,"fileName":null,"git_meta":null,"gpu_static_info":null,"graph":null,"html":null,"htmlOverride":null,"installed_packages":null,"local_timestamp":1576200526509,"log_dependency":null,"log_other":null,"log_system_info":null,"metric":null,"os_packages":null,"param":{"paramName":"f","paramValue":"/global/u2/d/danieltm/.local/share/jupyter/runtime/kernel-1d883059-dcd1-406b-b823-7474cf3b86de.json","step":null},"params":null,"stderr":null,"stdout":null},"type":"ws_msg"}
{"payload":{"code":null,"context":null,"env_details":null,"fileName":null,"git_meta":null,"gpu_static_info":null,"graph":null,"html":null,"htmlOverride":null,"installed_packages":null,"local_timestamp":1576200526509,"log_dependency":null,"log_other":{"key":"offline_experiment","val":true},"log_system_info":null,"metric":null,"os_packages":null,"param":null,"params":null,"stderr":null,"stdout":null},"type":"ws_msg"}
{"payload":{"code":null,"context":null,"env_details":null,"fileName":null,"git_meta":null,"gpu_static_info":null,"graph":null,"html":null,"htmlOverride":null,"installed_packages":null,"local_timestamp":1576200526509,"log_dependency":null,"log_other":null,"log_system_info":null,"metric":null,"os_packages":null,"param":{"paramName":"edges","paramValue":"true","step":null},"params":null,"stderr":null,"stdout":null},"type":"ws_msg"}
{"payload":{"code":null,"context":null,"env_details":null,"fileName":null,"git_meta":null,"gpu_static_info":null,"graph":null,"html":null,"htmlOverride":null,"installed_packages":null,"local_timestamp":1576200526509,"log_dependency":null,"log_other":null,"log_system_info":null,"metric":null,"os_packages":null,"param":{"paramName":"gamma","paramValue":0.8,"step":null},"params":null,"stderr":null,"stdout":null},"type":"ws_msg"}
{"payload":{"code":null,"context":null,"env_details":null,"fileName":null,"git_meta":null,"gpu_static_info":null,"graph":null,"html":null,"htmlOverride":null,"installed_packages":null,"local_timestamp":1576200526509,"log_dependency":null,"log_other":null,"log_system_info":null,"metric":null,"os_packages":null,"param":{"paramName":"hidden_dim","paramValue":16,"step":null},"params":null,"stderr":null,"stdout":null},"type":"ws_msg"}
{"payload":{"code":null,"context":null,"env_details":null,"fileName":null,"git_meta":null,"gpu_static_info":null,"graph":null,"html":null,"htmlOverride":null,"installed_packages":null,"local_timestamp":1576200526509,"log_dependency":null,"log_other":null,"log_system_info":null,"metric":null,"os_packages":null,"param":{"paramName":"input_dim","paramValue":3,"step":null},"params":null,"stderr":null,"stdout":null},"type":"ws_msg"}
{"payload":{"code":null,"context":null,"env_details":null,"fileName":null,"git_meta":null,"gpu_static_info":null,"graph":null,"html":null,"htmlOverride":null,"installed_packages":null,"local_timestamp":1576200526509,"log_dependency":null,"log_other":null,"log_system_info":null,"metric":null,"os_packages":null,"param":{"paramName":"n_graph_iters","paramValue":3,"step":null},"params":null,"stderr":null,"stdout":null},"type":"ws_msg"}
{"payload":{"code":null,"context":null,"env_details":null,"fileName":null,"git_meta":null,"gpu_static_info":null,"graph":null,"html":null,"htmlOverride":null,"installed_packages":null,"local_timestamp":1576200526509,"log_dependency":null,"log_other":null,"log_system_info":null,"metric":null,"os_packages":null,"param":{"paramName":"output_dim","paramValue":1,"step":null},"params":null,"stderr":null,"stdout":null},"type":"ws_msg"}
{"payload":{"code":null,"context":null,"env_details":null,"fileName":null,"git_meta":null,"gpu_static_info":null,"graph":null,"html":null,"htmlOverride":null,"installed_packages":null,"local_timestamp":1576200526509,"log_dependency":null,"log_other":null,"log_system_info":null,"metric":null,"os_packages":null,"param":{"paramName":"step_size","paramValue":20,"step":null},"params":null,"stderr":null,"stdout":null},"type":"ws_msg"}
{"payload":{"code":null,"context":null,"env_details":null,"fileName":null,"git_meta":null,"gpu_static_info":null,"graph":null,"html":null,"htmlOverride":null,"installed_packages":null,"local_timestamp":1576200526511,"log_dependency":null,"log_other":null,"log_system_info":null,"metric":{"epoch":null,"metricName":"sys.gpu.0.free_memory","metricValue":14839906304,"step":null},"os_packages":null,"param":null,"params":null,"stderr":null,"stdout":null},"type":"ws_msg"}
{"payload":{"code":null,"context":null,"env_details":null,"fileName":null,"git_meta":null,"gpu_static_info":null,"graph":null,"html":null,"htmlOverride":null,"installed_packages":null,"local_timestamp":1576200526511,"log_dependency":null,"log_other":null,"log_system_info":null,"metric":{"epoch":null,"metricName":"sys.gpu.0.used_memory","metricValue":2105606144,"step":null},"os_packages":null,"param":null,"params":null,"stderr":null,"stdout":null},"type":"ws_msg"}
{"payload":{"code":null,"context":null,"env_details":null,"fileName":null,"git_meta":null,"gpu_static_info":null,"graph":null,"html":null,"htmlOverride":null,"installed_packages":null,"local_timestamp":1576200526511,"log_dependency":null,"log_other":null,"log_system_info":null,"metric":{"epoch":null,"metricName":"sys.gpu.0.gpu_utilization","metricValue":0,"step":null},"os_packages":null,"param":null,"params":null,"stderr":null,"stdout":null},"type":"ws_msg"}
{"payload":{"code":"# %% In [1]:\n# System imports\nimport os\nimport sys\nfrom pprint import pprint as pp\nfrom time import time as tt\nsys.path.append('..')\n\n# sys.path.append('/global/common/cori_cle7/software/jupyter/19-11/lib/python3.7/site-packages')\nsys.path.append('/global/homes/d/danieltm/.local/lib/python3.7/site-packages')\n\n# External imports\nfrom comet_ml import OfflineExperiment\nfrom comet_ml import Experiment\n\nimport matplotlib.pyplot as plt\nimport matplotlib.colors\nimport numpy as np\nimport torch\nfrom torch_geometric.data import Data\nfrom torch_geometric.data import DataLoader\nimport seaborn as sns\n\nimport ipywidgets as widgets\nfrom ipywidgets import interact, interact_manual\n\n# Limit CPU usage on Jupyter\nos.environ['OMP_NUM_THREADS'] = '4'\n\n# Local imports\nfrom utils.toy_utils import *\nfrom datasets.hitgraphs_params import *\n%matplotlib inline\n\n# %% In [2]:\ninput_dir = \"/global/cscratch1/sd/danieltm/ExaTrkX/node_tracker_data/hitgraphs_med_000/\"\nfilenames = [os.path.join(input_dir, f) for f in os.listdir(input_dir)\n                         if f.endswith('.npz') and not f.endswith('_ID.npz')]\n\n# %% In [3]:\nfull_graphs = [load_graph(fi) for fi in filenames]\n\n# %% In [4]:\ncut_full_dataset = [torch_geometric.data.Data(x=torch.from_numpy(di[0]),\n                                         edge_index=torch.from_numpy(di[1]), y_edges=torch.from_numpy(di[2]), \n                                         y_params=(torch.from_numpy(di[3][:,0]).unsqueeze(1)), pid=torch.from_numpy(di[4])) for di in full_graphs]\n\n# %% In [5]:\nclass TwoHopAttNetwork(nn.Module):\n    \"\"\"\n    A module which computes new node features on the graph.\n    For each node, it aggregates the neighbor node features\n    (separately on the input and output side), and combines\n    them with the node's previous features in a fully-connected\n    network to compute the new features.\n    \"\"\"\n    def __init__(self, input_dim, hidden_dim, output_dim, hidden_activation=nn.ReLU,\n                 layer_norm=True):\n        super(TwoHopAttNetwork, self).__init__()\n        self.network = make_mlp(input_dim*5, [hidden_dim, hidden_dim, hidden_dim, output_dim],\n                                hidden_activation=hidden_activation,\n                                output_activation=hidden_activation,\n                                layer_norm=layer_norm)\n\n    def forward(self, x, e, edge_index):\n        start, end = edge_index\n        # Aggregate edge-weighted incoming/outgoing features\n        mi = scatter_add(e[:, None] * x[start], end, dim=0, dim_size=x.shape[0])\n        mi2 = scatter_add(e[:, None]*scatter_add(e[:, None] * x[start], end, dim=0, dim_size=x.shape[0])[start], end, dim=0, dim_size=x.shape[0])\n        mo = scatter_add(e[:, None] * x[end], start, dim=0, dim_size=x.shape[0])\n        mo2 = scatter_add(e[:, None]*scatter_add(e[:, None] * x[end], start, dim=0, dim_size=x.shape[0])[end], start, dim=0, dim_size=x.shape[0])\n        node_inputs = torch.cat([mi, mi2, mo, mo2, x], dim=1)\n        return self.network(node_inputs)\n\nclass TwoHopNetwork(nn.Module):\n    \"\"\"\n    A module which computes new node features on the graph.\n    For each node, it aggregates the neighbor node features\n    (separately on the input and output side), and combines\n    them with the node's previous features in a fully-connected\n    network to compute the new features.\n    \"\"\"\n    def __init__(self, input_dim, hidden_dim, output_dim, hidden_activation=nn.ReLU,\n                 layer_norm=True):\n        super(TwoHopNetwork, self).__init__()\n        self.network = make_mlp(input_dim*5, [hidden_dim, hidden_dim, hidden_dim, output_dim],\n                                hidden_activation=hidden_activation,\n                                output_activation=hidden_activation,\n                                layer_norm=layer_norm)\n\n    def forward(self, x, e, edge_index):\n        start, end = edge_index\n        # Aggregate edge-weighted incoming/outgoing features\n        mi = scatter_add(x[start], end, dim=0, dim_size=x.shape[0])\n        mi2 = scatter_add(scatter_add(x[start], end, dim=0, dim_size=x.shape[0])[start], end, dim=0, dim_size=x.shape[0])\n        mo = scatter_add(x[end], start, dim=0, dim_size=x.shape[0])\n        mo2 = scatter_add(scatter_add(x[end], start, dim=0, dim_size=x.shape[0])[end], start, dim=0, dim_size=x.shape[0])\n        node_inputs = torch.cat([mi, mi2, mo, mo2, x], dim=1)\n        return self.network(node_inputs)\n\nclass Edge_Track_Net(nn.Module):\n    \"\"\"\n    Segment classification graph neural network model.\n    Consists of an input network, an edge network, and a node network.\n    \"\"\"\n    def __init__(self, input_dim=3, hidden_dim=8, n_graph_iters=3,\n                 output_dim=3, hidden_activation=nn.ReLU, layer_norm=True):\n        super(Edge_Track_Net, self).__init__()\n        self.n_graph_iters = n_graph_iters\n        # Setup the input network\n        self.input_network = make_mlp(input_dim, [hidden_dim],\n                                      hidden_activation=nn.ReLU,\n                                      layer_norm=False)\n        # Setup the edge network\n        self.edge_network = EdgeNetwork(input_dim+hidden_dim, hidden_dim,\n                                        hidden_activation, layer_norm=layer_norm)\n        # Setup the node layers\n        self.node_network = TwoHopAttNetwork(input_dim+hidden_dim, hidden_dim, hidden_dim,\n                                        hidden_activation=nn.ReLU, layer_norm=False)\n        \n#         self.output_network = NodeNetwork(input_dim+hidden_dim, hidden_dim, output_dim,\n#                                         layer_norm=False)\n        self.output_network = make_mlp(input_dim+hidden_dim, [hidden_dim, hidden_dim, output_dim],\n                                       hidden_activation=nn.ReLU,\n                                      output_activation=None,\n                                      layer_norm=False)\n\n    def forward(self, inputs):\n        \"\"\"Apply forward pass of the model\"\"\"\n        # Apply input network to get hidden representation\n        x = self.input_network(inputs.x)\n        # Shortcut connect the inputs onto the hidden representation\n        x = torch.cat([x, inputs.x], dim=-1)\n        # Loop over iterations of edge and node networks\n        for i in range(self.n_graph_iters):\n            # Apply edge network\n            e = torch.sigmoid(self.edge_network(x, inputs.edge_index))\n            # Apply node network\n            x = self.node_network(x, e, inputs.edge_index)\n            # Shortcut connect the inputs onto the hidden representation\n            x = torch.cat([x, inputs.x], dim=-1)\n        # Apply final edge network\n        e = self.edge_network(x, inputs.edge_index)\n        return e, self.output_network(x)\n    \nclass Edge_Track_Truth_Net(nn.Module):\n    \"\"\"\n    Segment classification graph neural network model.\n    Consists of an input network, an edge network, and a node network.\n    \"\"\"\n    def __init__(self, input_dim=3, hidden_dim=8, n_graph_iters=3,\n                 output_dim=3, hidden_activation=nn.ReLU, layer_norm=True):\n        super(Edge_Track_Truth_Net, self).__init__()\n        self.n_graph_iters = n_graph_iters\n        # Setup the input network\n        self.input_network = make_mlp(input_dim, [hidden_dim],\n                                      hidden_activation=nn.ReLU,\n                                      layer_norm=False)\n        # Setup the node layers\n        self.node_network = TwoHopAttNetwork(input_dim+hidden_dim, hidden_dim, hidden_dim,\n                                        hidden_activation=nn.ReLU, layer_norm=False)\n        \n#         self.output_network = NodeNetwork(input_dim+hidden_dim, hidden_dim, output_dim,\n#                                         layer_norm=False)\n        self.output_network = make_mlp(input_dim+hidden_dim, [hidden_dim, hidden_dim, hidden_dim, output_dim],\n                                       hidden_activation=nn.ReLU,\n                                      output_activation=None,\n                                      layer_norm=False)\n\n    def forward(self, inputs):\n        \"\"\"Apply forward pass of the model\"\"\"\n        # Apply input network to get hidden representation\n        x = self.input_network(inputs.x)\n        # Shortcut connect the inputs onto the hidden representation\n        x = torch.cat([x, inputs.x], dim=-1)\n        # Loop over iterations of edge and node networks\n        for i in range(self.n_graph_iters):\n            # Apply edge network\n            e = inputs.y_edges\n            # Apply node network\n            x = self.node_network(x, e, inputs.edge_index)\n            # Shortcut connect the inputs onto the hidden representation\n            x = torch.cat([x, inputs.x], dim=-1)\n        # Apply final edge network\n        return self.output_network(x)\n\n# %% In [6]:\ntrain_dataset = cut_full_dataset[:int(0.5 * len(cut_full_dataset))]\ntest_dataset = cut_full_dataset[int(0.9 * len(cut_full_dataset)):]\ntrain_loader = DataLoader(train_dataset, batch_size=1, shuffle=True)\ntest_loader = DataLoader(test_dataset, batch_size=1, shuffle=True)\n\n# %% In [7]:\nlen(train_dataset)\n\n# %% In [8]:\ndevice = torch.device('cuda' if torch.cuda.is_available() else 'cpu')\nprint(\"Using \", device)\n# model = Edge_Class_Net( input_dim=2, hidden_dim=64, n_graph_iters=4).to(device)\nm_configs = {'input_dim': 3, 'hidden_dim': 16, 'n_graph_iters': 3, 'output_dim': 1}\nmodel = Edge_Track_Truth_Net(**m_configs).to(device)\n# data = dataset[0].to(device)\nlearning_rate=0.0015\n# optimizer = torch.optim.SGD([\n#                                 {'params': model.input_network.parameters()},\n#                                 {'params': model.edge_network.parameters()},\n#                                 {'params': model.node_network.parameters()},\n#                                 {'params': model.output_network.parameters(), 'lr': learning_rate*10}], lr=learning_rate, momentum=0.9)\n# optimizer = torch.optim.Adam([\n#                                 {'params': model.input_network.parameters()},\n#                                 {'params': model.edge_network.parameters()},\n#                                 {'params': model.node_network.parameters(), 'lr': learning_rate*10},\n#                                 {'params': model.output_network.parameters(), 'lr': learning_rate*10}], lr=learning_rate, weight_decay=1e-4)\noptimizer = torch.optim.Adam(model.parameters(), lr=learning_rate, weight_decay=1e-4)\ns_configs = {'step_size': 20, 'gamma': 0.8}\nscheduler = torch.optim.lr_scheduler.StepLR(optimizer, step_size=20, gamma=0.8)\n\n# %% In [9]:\nexp = Experiment(api_key='JeB7KWbGOfnDj3EAhVrUwqPSe', project_name=\"node-track-regression\")\nexp.log_parameters({**m_configs, **s_configs, 'edges': 'true'})\n# if exp.alive is False:\n#     raise Exception(\"Something went wrong\")\n\n# %% In [10]:\n# model.train()\nwith exp.train():\n    loss_v_node = []\n    # loss_v_edge = []\n    acc_v_node = []\n    # acc_v_edge = []\n    ep = 0\n    for epoch in range(3):\n        ep += 1\n        node_correct = 0\n    #     edge_correct = 0\n        node_total = 0\n    #     edge_total = 0 \n        for batch in train_loader:\n    #         print(batch)\n            optimizer.zero_grad()\n            data = batch.to(device)\n            node_pred = model(data)\n    #         print(edge_pred.shape, data.y_edges.shape, node_pred.shape, data.y_params.shape)\n    #         print(edge_pred, data.y_edges, node_pred, data.y_params)\n    #         losses = [F.binary_cross_entropy_with_logits(edge_pred.float(), data.y_edges.float()), F.mse_loss(node_pred.float(), data.y_params.float())]\n    #         print(node_pred, data.y_nodes)\n    #         print(\"Losses: \", losses[0].item(), losses[1].item())\n            loss = F.mse_loss(node_pred, data.y_params)\n    #         loss = sum(losses)\n    #         loss_v_edge.append(losses[0])\n            loss_v_node.append(loss)\n            loss.backward()\n            optimizer.step()\n    #         edge_pred = torch.sigmoid(edge_pred)\n    #         edge_correct += ((edge_pred > 0.5) == (data.y_edges > 0.5)).sum().item()\n            # A \"correct\" track parameter is one where the pred. is within 5% of the truth\n    #         print(node_pred, data.y_nodes)\n    #         print((((node_pred - data.y_nodes)/data.y_nodes)**2 < 0.05**2).sum().item())\n            node_correct += (((node_pred - data.y_params)/data.y_params)**2 < 0.1**2).sum().item()\n            node_total += len(node_pred)\n    #         edge_total += len(edge_pred)\n    #         print(out, data.y, )\n        node_acc = node_correct/node_total\n    #     edge_acc = edge_correct / edge_total\n        scheduler.step()\n    #     print(\"Epoch: \" , ep, \", loss: \", loss.item(), \", node accuracy: \", node_acc*100, \"%, edge accuracy: \", edge_acc*100, \"%, lr: \", scheduler.get_lr())\n        print(\"Epoch: \" , ep, \", loss: \", loss.item(), \", node accuracy: \", node_acc*100, \"%, lr: \", scheduler.get_lr())\n        acc_v_node.append(node_acc)\n        exp.log_metric(\"Test Accuracy\", node_acc, step = ep) \n#                        \"Test Loss\": loss.item(), \"Learning Rate\": scheduler.get_lr()[0]})\n    #     acc_v_edge.append(edge_acc)\n\n    #     if node_acc > 0.5:\n    #         break\n    fig, axs = plt.subplots(1,2)\n    fig.set_size_inches(16,4)\n    axs[0].plot(np.arange(len(loss_v_node)-10), loss_v_node[10:])\n    # axs[1].plot(np.arange(len(loss_v_edge)-10), loss_v_edge[10:])\n    axs[1].plot(np.arange(len(acc_v_node)), acc_v_node)\n    # axs[3].plot(np.arange(len(acc_v_edge)), acc_v_edge)\n\n# %% In [11]:\nexp.end()\n\n# %% In [12]:\nexp.end()\n\n# %% In [13]:\nexp.end()\n\n# %% In [14]:\n# exp = OfflineExperiment(api_key='JeB7KWbGOfnDj3EAhVrUwqPSe', project_name=\"node-track-regression\", offline_directory=\"comet\")\nexp = OfflineExperiment(project_name=\"node-track-regression\", offline_directory=\"comet\")\nexp.log_parameters({**m_configs, **s_configs, 'edges': 'true'})\n# if exp.alive is False:\n#     raise Exception(\"Something went wrong\")\n\n# %% In [15]:\nexp.end()\n\n","context":null,"env_details":null,"fileName":null,"git_meta":null,"gpu_static_info":null,"graph":null,"html":null,"htmlOverride":null,"installed_packages":null,"local_timestamp":1576200531159,"log_dependency":null,"log_other":null,"log_system_info":null,"metric":null,"os_packages":null,"param":null,"params":null,"stderr":null,"stdout":null},"type":"ws_msg"}
