{"payload":{"code":null,"context":null,"env_details":null,"fileName":"Jupyter interactive","git_meta":null,"gpu_static_info":null,"graph":null,"html":null,"htmlOverride":null,"installed_packages":null,"local_timestamp":1576273955163,"log_dependency":null,"log_other":null,"log_system_info":null,"metric":null,"os_packages":null,"param":null,"params":null,"stderr":null,"stdout":null},"type":"ws_msg"}
{"payload":{"code":null,"context":null,"env_details":null,"fileName":null,"git_meta":{"branch":"refs/heads/master","origin":"https://github.com/murnanedaniel/GNN-Sandbox.git","parent":"8f0af40b33a3d49b806a8f597704926214f24f4c","repo_name":"GNN-Sandbox","root":"f33a27ac7bdc3fed542228a95614822d8847c679","status":null,"user":null},"gpu_static_info":null,"graph":null,"html":null,"htmlOverride":null,"installed_packages":null,"local_timestamp":1576273955172,"log_dependency":null,"log_other":null,"log_system_info":null,"metric":null,"os_packages":null,"param":null,"params":null,"stderr":null,"stdout":null},"type":"ws_msg"}
{"payload":{"additional_params":null,"clean":true,"file_path":"tmplglw0kiw..zip","local_timestamp":1576273955399,"upload_type":"git-patch"},"type":"file_upload"}
{"payload":{"code":null,"context":null,"env_details":null,"fileName":null,"git_meta":null,"gpu_static_info":null,"graph":null,"html":null,"htmlOverride":null,"installed_packages":["absl-py==0.8.1","argh==0.26.2","attrs==19.1.0","backcall==0.1.0","bleach==3.1.0","certifi==2019.6.16","cffi==1.12.3","chardet==3.0.4","click==7.0","comet-git-pure==0.19.14","comet-ml==3.0.1","configobj==5.0.6","configparser==4.0.2","cycler==0.10.0","decorator==4.4.0","defusedxml==0.5.0","docker-pycreds==0.4.0","entrypoints==0.3","everett==1.0.2","gitdb2==2.0.6","gitpython==3.0.5","gql==0.1.0","graphql-core==2.2.1","grpcio==1.24.3","h5py==2.9.0","idna==2.8","ipykernel==5.1.1","ipympl==0.2.1","ipython-genutils==0.2.0","ipython==7.7.0","ipywidgets==7.5.1","isodate==0.6.0","jedi==0.13.3","jinja2==2.10.1","joblib==0.13.2","jsonschema==3.0.2","jupyter-client==5.3.1","jupyter-console==6.0.0","jupyter-contrib-core==0.3.3","jupyter-contrib-nbextensions==0.5.1","jupyter-core==4.5.0","jupyter-highlight-selected-word==0.2.0","jupyter-latex-envs==1.4.6","jupyter-nbextensions-configurator==0.4.1","jupyter==1.0.0","kaggle==1.5.6","kiwisolver==1.1.0","llvmlite==0.30.0","lxml==4.4.1","markdown==3.1.1","markupsafe==1.1.1","matplotlib==3.1.0","mistune==0.8.4","mkl-fft==1.0.12","mkl-random==1.0.2","mkl-service==2.0.2","mpmath==1.1.0","nbconvert==5.6.0","nbformat==4.4.0","netifaces==0.10.9","networkx==2.3","nose==1.3.7","notebook==6.0.0","numba==0.46.0","numpy==1.16.4","nvidia-ml-py3==7.352.0","olefile==0.46","pandas==0.25.0","pandocfilters==1.4.2","parso==0.5.0","pathtools==0.1.2","pexpect==4.7.0","pickleshare==0.7.5","pillow==6.1.0","pip==19.1.1","plyfile==0.7","pprofile==2.0.2","prometheus-client==0.7.1","promise==2.2.1","prompt-toolkit==2.0.9","protobuf==3.10.0","ptyprocess==0.6.0","py-heat-magic==0.0.2","py-heat==0.0.6","pycparser==2.19","pygments==2.4.2","pyparsing==2.4.0","pyrsistent==0.15.4","python-dateutil==2.8.0","python-slugify==3.0.6","pytz==2019.1","pyyaml==5.1.1","pyzmq==18.0.0","qtconsole==4.6.0","rdflib==4.2.2","requests==2.22.0","rx==1.6.1","scikit-learn==0.21.2","scipy==1.3.0","seaborn==0.9.0","send2trash==1.5.0","sentry-sdk==0.13.5","setuptools==41.0.1","shortuuid==0.5.0","six==1.12.0","smmap2==2.0.5","subprocess32==3.5.4","sympy==1.4","tensorboard==2.0.0","terminado==0.8.2","testpath==0.4.2","text-unidecode==1.3","torch-cluster==1.4.4","torch-geometric==1.3.0","torch-scatter==1.3.1","torch-sparse==0.4.0","torch==1.2.0a0+8554416","torchvision==0.3.0","tornado==6.0.3","trackml==3","traitlets==4.3.2","typing==3.6.4","urllib3==1.25.7","wandb==0.8.18","watchdog==0.9.0","wcwidth==0.1.7","webencodings==0.5.1","websocket-client==0.56.0","werkzeug==0.16.0","wheel==0.33.4","widgetsnbextension==3.5.1","wurlitzer==2.0.0","yapf==0.28.0"],"local_timestamp":1576273955399,"log_dependency":null,"log_other":null,"log_system_info":null,"metric":null,"os_packages":null,"param":null,"params":null,"stderr":null,"stdout":null},"type":"ws_msg"}
{"payload":{"code":null,"context":null,"env_details":{"command":["/usr/common/software/pytorch/v1.2.0-gpu/lib/python3.6/site-packages/ipykernel_launcher.py","-f","/global/u2/d/danieltm/.local/share/jupyter/runtime/kernel-80d42e7f-a5da-48a8-8724-2567898a8816.json"],"hostname":"cgpu02","ip":"128.55.144.45","network_interfaces_ips":["127.0.0.1","192.168.174.4","10.101.105.102","128.55.150.45","10.100.105.102","128.55.144.45"],"os":"Linux-4.12.14-lp150.12.79-default-x86_64-with-glibc2.9","os_type":"Linux","pid":23199,"python_exe":"/usr/common/software/pytorch/v1.2.0-gpu/bin/python","python_version":"3.6.9","python_version_verbose":"3.6.9 |Anaconda, Inc.| (default, Jul 30 2019, 19:07:31) \n[GCC 7.3.0]","user":"danieltm"},"fileName":null,"git_meta":null,"gpu_static_info":null,"graph":null,"html":null,"htmlOverride":null,"installed_packages":null,"local_timestamp":1576273955399,"log_dependency":null,"log_other":null,"log_system_info":null,"metric":null,"os_packages":null,"param":null,"params":null,"stderr":null,"stdout":null},"type":"ws_msg"}
{"payload":{"code":null,"context":null,"env_details":null,"fileName":null,"git_meta":null,"gpu_static_info":[{"gpu_index":0,"name":"Tesla V100-SXM2-16GB","power_limit":300000,"total_memory":16945512448,"uuid":"GPU-527dbcd4-0eaa-c461-4393-c32f4bcea5d8"}],"graph":null,"html":null,"htmlOverride":null,"installed_packages":null,"local_timestamp":1576273955557,"log_dependency":null,"log_other":null,"log_system_info":null,"metric":null,"os_packages":null,"param":null,"params":null,"stderr":null,"stdout":null},"type":"ws_msg"}
{"payload":{"code":null,"context":null,"env_details":null,"fileName":null,"git_meta":null,"gpu_static_info":null,"graph":null,"html":null,"htmlOverride":null,"installed_packages":null,"local_timestamp":1576273955558,"log_dependency":null,"log_other":null,"log_system_info":null,"metric":{"epoch":null,"metricName":"sys.gpu.0.total_memory","metricValue":16945512448,"step":null},"os_packages":null,"param":null,"params":null,"stderr":null,"stdout":null},"type":"ws_msg"}
{"payload":{"code":null,"context":null,"env_details":null,"fileName":null,"git_meta":null,"gpu_static_info":null,"graph":null,"html":null,"htmlOverride":null,"installed_packages":null,"local_timestamp":1576273955558,"log_dependency":null,"log_other":null,"log_system_info":null,"metric":null,"os_packages":null,"param":{"paramName":"f","paramValue":"/global/u2/d/danieltm/.local/share/jupyter/runtime/kernel-80d42e7f-a5da-48a8-8724-2567898a8816.json","step":null},"params":null,"stderr":null,"stdout":null},"type":"ws_msg"}
{"payload":{"code":null,"context":null,"env_details":null,"fileName":null,"git_meta":null,"gpu_static_info":null,"graph":null,"html":null,"htmlOverride":null,"installed_packages":null,"local_timestamp":1576273955558,"log_dependency":null,"log_other":{"key":"offline_experiment","val":true},"log_system_info":null,"metric":null,"os_packages":null,"param":null,"params":null,"stderr":null,"stdout":null},"type":"ws_msg"}
{"payload":{"code":null,"context":null,"env_details":null,"fileName":null,"git_meta":null,"gpu_static_info":null,"graph":null,"html":null,"htmlOverride":null,"installed_packages":null,"local_timestamp":1576273955558,"log_dependency":null,"log_other":null,"log_system_info":null,"metric":null,"os_packages":null,"param":{"paramName":"edges","paramValue":"true","step":null},"params":null,"stderr":null,"stdout":null},"type":"ws_msg"}
{"payload":{"code":null,"context":null,"env_details":null,"fileName":null,"git_meta":null,"gpu_static_info":null,"graph":null,"html":null,"htmlOverride":null,"installed_packages":null,"local_timestamp":1576273955558,"log_dependency":null,"log_other":null,"log_system_info":null,"metric":null,"os_packages":null,"param":{"paramName":"gamma","paramValue":0.8,"step":null},"params":null,"stderr":null,"stdout":null},"type":"ws_msg"}
{"payload":{"code":null,"context":null,"env_details":null,"fileName":null,"git_meta":null,"gpu_static_info":null,"graph":null,"html":null,"htmlOverride":null,"installed_packages":null,"local_timestamp":1576273955558,"log_dependency":null,"log_other":null,"log_system_info":null,"metric":null,"os_packages":null,"param":{"paramName":"hidden_dim","paramValue":16,"step":null},"params":null,"stderr":null,"stdout":null},"type":"ws_msg"}
{"payload":{"code":null,"context":null,"env_details":null,"fileName":null,"git_meta":null,"gpu_static_info":null,"graph":null,"html":null,"htmlOverride":null,"installed_packages":null,"local_timestamp":1576273955558,"log_dependency":null,"log_other":null,"log_system_info":null,"metric":null,"os_packages":null,"param":{"paramName":"input_dim","paramValue":3,"step":null},"params":null,"stderr":null,"stdout":null},"type":"ws_msg"}
{"payload":{"code":null,"context":null,"env_details":null,"fileName":null,"git_meta":null,"gpu_static_info":null,"graph":null,"html":null,"htmlOverride":null,"installed_packages":null,"local_timestamp":1576273955558,"log_dependency":null,"log_other":null,"log_system_info":null,"metric":null,"os_packages":null,"param":{"paramName":"n_graph_iters","paramValue":3,"step":null},"params":null,"stderr":null,"stdout":null},"type":"ws_msg"}
{"payload":{"code":null,"context":null,"env_details":null,"fileName":null,"git_meta":null,"gpu_static_info":null,"graph":null,"html":null,"htmlOverride":null,"installed_packages":null,"local_timestamp":1576273955558,"log_dependency":null,"log_other":null,"log_system_info":null,"metric":null,"os_packages":null,"param":{"paramName":"output_dim","paramValue":1,"step":null},"params":null,"stderr":null,"stdout":null},"type":"ws_msg"}
{"payload":{"code":null,"context":null,"env_details":null,"fileName":null,"git_meta":null,"gpu_static_info":null,"graph":null,"html":null,"htmlOverride":null,"installed_packages":null,"local_timestamp":1576273955558,"log_dependency":null,"log_other":null,"log_system_info":null,"metric":null,"os_packages":null,"param":{"paramName":"step_size","paramValue":20,"step":null},"params":null,"stderr":null,"stdout":null},"type":"ws_msg"}
{"payload":{"code":null,"context":null,"env_details":null,"fileName":null,"git_meta":null,"gpu_static_info":null,"graph":null,"html":null,"htmlOverride":null,"installed_packages":null,"local_timestamp":1576273955559,"log_dependency":null,"log_other":null,"log_system_info":null,"metric":{"epoch":null,"metricName":"sys.gpu.0.free_memory","metricValue":15137701888,"step":null},"os_packages":null,"param":null,"params":null,"stderr":null,"stdout":null},"type":"ws_msg"}
{"payload":{"code":null,"context":null,"env_details":null,"fileName":null,"git_meta":null,"gpu_static_info":null,"graph":null,"html":null,"htmlOverride":null,"installed_packages":null,"local_timestamp":1576273955559,"log_dependency":null,"log_other":null,"log_system_info":null,"metric":{"epoch":null,"metricName":"sys.gpu.0.used_memory","metricValue":1807810560,"step":null},"os_packages":null,"param":null,"params":null,"stderr":null,"stdout":null},"type":"ws_msg"}
{"payload":{"code":null,"context":null,"env_details":null,"fileName":null,"git_meta":null,"gpu_static_info":null,"graph":null,"html":null,"htmlOverride":null,"installed_packages":null,"local_timestamp":1576273955559,"log_dependency":null,"log_other":null,"log_system_info":null,"metric":{"epoch":null,"metricName":"sys.gpu.0.gpu_utilization","metricValue":0,"step":null},"os_packages":null,"param":null,"params":null,"stderr":null,"stdout":null},"type":"ws_msg"}
{"payload":{"code":null,"context":null,"env_details":null,"fileName":null,"git_meta":null,"gpu_static_info":null,"graph":null,"html":null,"htmlOverride":null,"installed_packages":null,"local_timestamp":1576273985593,"log_dependency":null,"log_other":null,"log_system_info":null,"metric":{"epoch":null,"metricName":"sys.gpu.0.free_memory","metricValue":15137701888,"step":null},"os_packages":null,"param":null,"params":null,"stderr":null,"stdout":null},"type":"ws_msg"}
{"payload":{"code":null,"context":null,"env_details":null,"fileName":null,"git_meta":null,"gpu_static_info":null,"graph":null,"html":null,"htmlOverride":null,"installed_packages":null,"local_timestamp":1576273985593,"log_dependency":null,"log_other":null,"log_system_info":null,"metric":{"epoch":null,"metricName":"sys.gpu.0.used_memory","metricValue":1807810560,"step":null},"os_packages":null,"param":null,"params":null,"stderr":null,"stdout":null},"type":"ws_msg"}
{"payload":{"code":null,"context":null,"env_details":null,"fileName":null,"git_meta":null,"gpu_static_info":null,"graph":null,"html":null,"htmlOverride":null,"installed_packages":null,"local_timestamp":1576273985594,"log_dependency":null,"log_other":null,"log_system_info":null,"metric":{"epoch":null,"metricName":"sys.gpu.0.gpu_utilization","metricValue":0,"step":null},"os_packages":null,"param":null,"params":null,"stderr":null,"stdout":null},"type":"ws_msg"}
